FO_ID,Carrier_ID,Lane_ID,Planned_ETA,Actual_Arrival,Weather_Score,Delay_Hours,Carrier_Reliability_Score,Status
FO-000003,CARR-0018,LANE-0002,2024-10-15 03:59:35,2024-10-15 00:00:35,0.4802,11.75,0.7212,ON_TIME
FO-000012,CARR-0018,LANE-0019,2024-07-01 02:00:11,2024-06-30 06:28:06,0.496,3.36,0.7212,ON_TIME
FO-000004,CARR-0018,LANE-0028,2024-08-11 13:40:23,2024-08-12 01:41:04,0.6515,13.26,0.7212,ON_TIME
FO-000006,CARR-0018,LANE-0033,2024-06-14 17:56:04,2024-06-15 21:07:17,0.4771,6.05,0.7212,DELAYED
FO-000016,CARR-0018,LANE-0010,2024-12-30 08:43:19,2024-12-31 10:46:26,0.8299,18.97,0.7212,DELAYED
FO-000011,CARR-0018,LANE-0016,2024-03-03 12:37:47,2024-03-02 20:16:50,0.1657,5.66,0.7212,ON_TIME
FO-000018,CARR-0018,LANE-0002,2024-03-02 12:14:51,2024-03-03 10:30:07,0.414,6.41,0.7212,ON_TIME
FO-000007,CARR-0018,LANE-0011,2024-08-11 15:13:54,2024-08-11 01:56:24,0.208,0.87,0.7212,ON_TIME
FO-000001,CARR-0018,LANE-0010,2024-04-24 01:41:14,2024-04-24 03:38:38,0.3722,4.92,0.7212,ON_TIME
FO-000005,CARR-0018,LANE-0030,2024-03-31 15:35:53,2024-03-31 13:51:57,0.1477,0.0,0.7212,ON_TIME
FO-000009,CARR-0018,LANE-0020,2024-08-18 05:18:27,2024-08-19 02:33:05,0.0016,0.0,0.7212,ON_TIME
FO-000019,CARR-0018,LANE-0025,2024-04-24 07:58:18,2024-04-25 04:51:51,0.4671,0.59,0.7212,ON_TIME
FO-000015,CARR-0018,LANE-0006,2024-03-09 21:58:08,2024-03-09 10:57:24,0.0514,6.33,0.7212,ON_TIME
FO-000014,CARR-0018,LANE-0002,2024-09-08 02:12:39,2024-09-08 00:53:51,0.5957,7.42,0.7212,ON_TIME
FO-000002,CARR-0018,LANE-0030,2024-02-10 04:06:23,2024-02-10 02:09:23,0.075,0.75,0.7212,ON_TIME
FO-000013,CARR-0018,LANE-0029,2024-06-25 11:35:48,2024-06-24 09:56:05,0.2337,5.77,0.7212,ON_TIME
FO-000010,CARR-0018,LANE-0030,2024-05-16 03:11:34,2024-05-16 17:51:34,0.497,1.66,0.7212,DELAYED
FO-000008,CARR-0018,LANE-0016,2024-01-01 08:06:45,2024-01-01 11:19:10,0.6381,0.0,0.7212,ON_TIME
FO-000017,CARR-0018,LANE-0037,2024-10-05 08:21:12,2024-10-04 08:39:28,0.559,2.08,0.7212,ON_TIME
FO-000000,CARR-0018,LANE-0009,2024-09-12 08:37:11,2024-09-13 07:33:15,0.7937,0.0,0.7212,ON_TIME
FO-000030,CARR-0007,LANE-0002,2024-11-25 19:58:33,2024-11-26 20:42:36,0.6065,6.61,0.851,ON_TIME
FO-000036,CARR-0007,LANE-0004,2024-08-03 02:32:21,2024-08-03 22:45:03,0.5136,2.74,0.851,ON_TIME
FO-000021,CARR-0007,LANE-0008,2024-08-30 10:48:12,2024-08-31 05:46:51,0.7333,10.26,0.851,DELAYED
FO-000023,CARR-0007,LANE-0033,2024-06-19 02:02:51,2024-06-19 03:26:36,0.5035,14.75,0.851,ON_TIME
FO-000024,CARR-0007,LANE-0008,2024-12-30 08:43:19,2024-12-31 10:46:26,0.9985,19.45,0.851,DELAYED
FO-000022,CARR-0007,LANE-0010,2024-05-04 20:06:51,2024-05-05 19:39:33,0.1335,0.0,0.851,ON_TIME
FO-000031,CARR-0007,LANE-0030,2024-03-30 06:17:01,2024-03-30 05:02:49,0.373,4.49,0.851,ON_TIME
FO-000026,CARR-0007,LANE-0025,2024-10-21 23:53:34,2024-10-22 02:07:48,0.2567,0.0,0.851,ON_TIME
FO-000025,CARR-0007,LANE-0030,2024-06-03 02:58:53,2024-06-03 10:56:53,0.36,1.59,0.851,ON_TIME
FO-000035,CARR-0007,LANE-0004,2024-05-12 16:03:03,2024-05-12 10:55:53,0.0931,1.0,0.851,ON_TIME
FO-000032,CARR-0007,LANE-0030,2024-11-08 07:32:51,2024-11-07 13:33:44,0.0016,0.88,0.851,ON_TIME
FO-000029,CARR-0007,LANE-0029,2024-05-08 05:33:19,2024-05-07 18:35:21,0.4333,7.73,0.851,ON_TIME
FO-000027,CARR-0007,LANE-0006,2024-05-27 04:40:38,2024-05-27 22:37:05,0.0324,0.0,0.851,ON_TIME
FO-000033,CARR-0007,LANE-0020,2024-10-19 10:47:06,2024-10-19 17:57:33,0.6691,1.61,0.851,ON_TIME
FO-000020,CARR-0007,LANE-0004,2024-04-15 06:05:23,2024-04-15 07:17:26,0.0122,0.0,0.851,ON_TIME
FO-000028,CARR-0007,LANE-0037,2024-08-25 16:52:11,2024-08-26 21:55:29,0.2729,0.0,0.851,ON_TIME
FO-000034,CARR-0007,LANE-0028,2024-05-24 09:38:34,2024-05-24 07:58:20,0.4812,10.14,0.851,ON_TIME
FO-000058,CARR-0017,LANE-0030,2024-11-07 09:12:21,2024-11-08 01:14:17,0.4717,26.05,0.783,ON_TIME
FO-000045,CARR-0017,LANE-0004,2024-06-25 02:17:01,2024-06-25 17:34:36,0.737,12.88,0.783,ON_TIME
FO-000051,CARR-0017,LANE-0002,2024-09-03 05:56:32,2024-09-04 16:44:03,0.8532,41.0,0.783,ON_TIME
FO-000040,CARR-0017,LANE-0029,2024-07-22 16:03:14,2024-07-22 22:29:32,0.9355,20.33,0.783,DELAYED
FO-000056,CARR-0017,LANE-0029,2024-12-30 08:43:19,2024-12-31 10:46:26,0.9985,51.86,0.783,ON_TIME
FO-000044,CARR-0017,LANE-0033,2024-03-26 13:52:04,2024-03-27 05:17:49,0.3025,13.74,0.783,DELAYED
FO-000043,CARR-0017,LANE-0029,2024-04-21 00:33:38,2024-04-21 17:12:33,0.4568,25.78,0.783,DELAYED
FO-000037,CARR-0017,LANE-0030,2024-07-14 00:15:49,2024-07-14 07:00:11,0.4619,0.0,0.783,ON_TIME
FO-000049,CARR-0017,LANE-0008,2024-05-13 02:52:55,2024-05-13 19:05:58,0.5344,16.61,0.783,ON_TIME
FO-000039,CARR-0017,LANE-0028,2024-03-21 23:18:06,2024-03-21 17:07:34,0.7722,0.0,0.783,ON_TIME
FO-000041,CARR-0017,LANE-0028,2024-07-30 09:10:51,2024-07-29 13:50:48,0.6134,0.0,0.783,ON_TIME
FO-000053,CARR-0017,LANE-0002,2024-05-14 18:31:37,2024-05-14 23:49:08,0.8007,9.71,0.783,DELAYED
FO-000042,CARR-0017,LANE-0010,2024-02-14 02:48:13,,0.7329,9.97,0.783,ON_TIME
FO-000052,CARR-0017,LANE-0030,2024-09-30 17:52:50,,0.226,22.38,0.783,ON_TIME
FO-000057,CARR-0017,LANE-0010,2024-02-09 18:00:17,2024-02-10 06:21:19,0.4917,0.0,0.783,ON_TIME
FO-000038,CARR-0017,LANE-0030,2024-06-21 11:13:28,2024-06-22 01:29:22,0.519,8.78,0.783,ON_TIME
FO-000047,CARR-0017,LANE-0006,2024-05-30 23:52:20,2024-05-31 07:21:27,0.9704,12.05,0.783,DELAYED
FO-000050,CARR-0017,LANE-0029,2024-01-01 08:06:45,,0.5454,0.28,0.783,DELAYED
FO-000055,CARR-0017,LANE-0010,2024-07-26 06:14:53,2024-07-27 14:48:18,0.9935,5.03,0.783,ON_TIME
FO-000054,CARR-0017,LANE-0029,2024-08-30 17:43:30,2024-08-30 14:39:26,0.8612,0.0,0.783,ON_TIME
FO-000048,CARR-0017,LANE-0037,2024-08-06 00:16:54,2024-08-06 12:19:39,0.9454,36.55,0.783,DELAYED
FO-000059,CARR-0017,LANE-0029,2024-07-10 04:23:22,2024-07-11 17:45:08,0.5958,51.8,0.783,DELAYED
FO-000046,CARR-0017,LANE-0008,2024-02-29 08:31:24,2024-02-29 03:20:12,0.6438,0.0,0.783,ON_TIME
FO-000076,CARR-0003,LANE-0019,2024-10-15 07:29:23,2024-10-16 11:37:25,0.7095,6.09,0.567,ON_TIME
FO-000075,CARR-0003,LANE-0037,2024-06-19 13:50:52,2024-06-20 08:27:40,0.7237,14.59,0.567,ON_TIME
FO-000072,CARR-0003,LANE-0002,2024-08-16 16:08:58,2024-08-17 13:57:45,0.5116,0.84,0.567,ON_TIME
FO-000071,CARR-0003,LANE-0029,2024-06-24 08:39:24,2024-06-23 12:18:36,0.2061,6.09,0.567,DELAYED
FO-000064,CARR-0003,LANE-0007,2024-12-30 08:43:19,2024-12-31 10:46:26,0.3852,0.0,0.567,ON_TIME
FO-000081,CARR-0003,LANE-0002,2024-04-06 19:24:18,2024-04-09 02:12:19,0.7587,81.63,0.567,DELAYED
FO-000078,CARR-0003,LANE-0030,2024-03-27 06:40:14,2024-03-28 08:06:12,0.4732,48.46,0.567,ON_TIME
FO-000065,CARR-0003,LANE-0006,2024-08-02 04:31:32,2024-08-03 18:17:26,0.9985,38.73,0.567,DELAYED
FO-000070,CARR-0003,LANE-0002,2024-05-06 18:17:13,2024-05-08 00:21:26,0.6528,43.53,0.567,ON_TIME
FO-000066,CARR-0003,LANE-0010,2024-04-05 12:40:36,2024-04-05 11:55:09,0.5899,49.92,0.567,DELAYED
FO-000073,CARR-0003,LANE-0029,2024-09-11 04:12:44,2024-09-11 08:44:55,0.6931,66.77,0.567,DELAYED
FO-000063,CARR-0003,LANE-0029,2024-04-21 22:42:15,2024-04-21 13:38:35,0.4199,16.92,0.567,DELAYED
FO-000079,CARR-0003,LANE-0002,2024-04-20 14:52:01,2024-04-23 10:51:40,0.8627,96.3,0.567,DELAYED
FO-000074,CARR-0003,LANE-0009,2024-08-20 12:48:33,2024-08-22 00:14:56,0.8883,2.14,0.567,ON_TIME
FO-000077,CARR-0003,LANE-0002,2024-03-10 13:39:57,2024-03-12 09:56:24,0.7688,86.48,0.567,DELAYED
FO-000069,CARR-0003,LANE-0030,2024-07-08 06:15:10,,0.8313,50.13,0.567,DELAYED
FO-000061,CARR-0003,LANE-0029,2024-05-12 17:55:56,2024-05-12 02:15:56,0.3573,8.49,0.567,DELAYED
FO-000060,CARR-0003,LANE-0028,2024-01-01 08:06:45,2024-01-01 11:19:10,0.9104,31.79,0.567,DELAYED
FO-000067,CARR-0003,LANE-0002,2024-08-26 18:26:40,2024-08-28 05:40:49,0.9985,0.0,0.567,ON_TIME
FO-000068,CARR-0003,LANE-0029,2024-07-08 12:26:57,2024-07-07 01:58:42,0.6534,0.0,0.567,DELAYED
FO-000080,CARR-0003,LANE-0007,2024-06-01 15:10:09,2024-05-31 12:45:21,0.2003,0.0,0.567,ON_TIME
FO-000062,CARR-0003,LANE-0009,2024-04-12 09:31:33,2024-04-13 02:08:34,0.7287,0.0,0.567,ON_TIME
FO-000086,CARR-0028,LANE-0030,2024-06-22 14:55:46,2024-06-25 09:06:20,0.7353,40.14,0.6183,DELAYED
FO-000082,CARR-0028,LANE-0032,2024-04-28 11:19:21,2024-04-29 17:12:40,0.5339,16.76,0.6183,DELAYED
FO-000084,CARR-0028,LANE-0030,2024-08-15 03:35:12,2024-08-16 20:56:53,0.5407,22.36,0.6183,DELAYED
FO-000088,CARR-0028,LANE-0009,2024-08-02 11:17:28,2024-08-01 05:41:15,0.7378,0.0,0.6183,ON_TIME
FO-000092,CARR-0028,LANE-0025,2024-11-08 05:01:53,2024-11-10 19:01:13,0.9374,35.79,0.6183,DELAYED
FO-000099,CARR-0028,LANE-0006,2024-03-18 17:05:33,2024-03-19 18:19:57,0.2103,19.41,0.6183,ON_TIME
FO-000098,CARR-0028,LANE-0019,2024-06-04 21:58:31,2024-06-04 16:14:49,0.2601,0.68,0.6183,ON_TIME
FO-000090,CARR-0028,LANE-0038,2024-01-28 01:44:20,2024-01-30 15:12:19,0.6581,38.93,0.6183,DELAYED
FO-000100,CARR-0028,LANE-0033,2024-04-28 15:28:26,2024-04-29 08:46:57,0.3728,12.81,0.6183,ON_TIME
FO-000094,CARR-0028,LANE-0033,2024-02-21 14:51:12,2024-02-20 11:47:27,0.6053,0.0,0.6183,ON_TIME
FO-000089,CARR-0028,LANE-0037,2024-01-21 13:06:43,2024-01-21 19:45:06,0.9985,35.2,0.6183,ON_TIME
FO-000095,CARR-0028,LANE-0007,2024-05-24 08:00:01,2024-05-23 06:35:00,0.5549,0.0,0.6183,ON_TIME
FO-000083,CARR-0028,LANE-0030,2024-02-22 05:27:19,2024-02-23 21:24:33,0.2045,29.01,0.6183,ON_TIME
FO-000087,CARR-0028,LANE-0002,2024-05-10 08:59:03,2024-05-13 09:41:38,0.548,34.5,0.6183,DELAYED
FO-000085,CARR-0028,LANE-0006,2024-02-07 20:37:06,2024-02-08 03:40:41,0.2633,12.64,0.6183,ON_TIME
FO-000096,CARR-0028,LANE-0006,2024-03-25 07:02:48,2024-03-27 06:35:00,0.5118,32.21,0.6183,ON_TIME
FO-000091,CARR-0028,LANE-0009,2024-06-14 14:38:46,2024-06-13 11:18:21,0.6294,0.0,0.6183,ON_TIME
FO-000097,CARR-0028,LANE-0020,2024-01-17 10:25:35,2024-01-17 03:36:41,0.0016,0.0,0.6183,ON_TIME
FO-000093,CARR-0028,LANE-0017,2024-03-04 21:41:27,2024-03-08 11:37:04,0.6262,39.85,0.6183,DELAYED
FO-000102,CARR-0014,LANE-0020,2024-08-05 07:54:29,2024-08-05 00:36:34,0.3401,0.0,0.9248,ON_TIME
FO-000111,CARR-0014,LANE-0038,2024-05-18 13:45:07,2024-05-19 00:59:31,0.3518,10.59,0.9248,ON_TIME
FO-000112,CARR-0014,LANE-0008,2024-08-27 03:06:44,2024-08-27 22:57:37,0.4601,15.41,0.9248,ON_TIME
FO-000114,CARR-0014,LANE-0025,2024-08-09 15:20:37,2024-08-10 00:21:28,0.5711,0.0,0.9248,DELAYED
FO-000107,CARR-0014,LANE-0020,2024-12-30 08:43:19,2024-12-31 10:46:26,0.2814,0.0,0.9248,ON_TIME
FO-000108,CARR-0014,LANE-0008,2024-01-24 07:57:04,2024-01-25 05:30:39,0.6989,19.96,0.9248,ON_TIME
FO-000119,CARR-0014,LANE-0029,2024-04-16 13:31:09,2024-04-18 01:07:18,0.6971,24.42,0.9248,DELAYED
FO-000116,CARR-0014,LANE-0029,2024-03-08 16:54:56,,0.2649,0.0,0.9248,ON_TIME
FO-000110,CARR-0014,LANE-0029,2024-04-07 20:05:39,2024-04-08 16:31:20,0.5537,16.38,0.9248,ON_TIME
FO-000101,CARR-0014,LANE-0006,2024-02-17 12:51:38,2024-02-17 11:21:13,0.5228,0.0,0.9248,DELAYED
FO-000115,CARR-0014,LANE-0037,2024-03-04 21:38:01,2024-03-02 08:51:42,0.4879,0.0,0.9248,ON_TIME
FO-000106,CARR-0014,LANE-0007,2024-05-22 18:14:22,2024-05-23 12:31:41,0.5026,7.12,0.9248,DELAYED
FO-000109,CARR-0014,LANE-0017,2024-01-01 08:06:45,2024-01-01 11:19:10,0.715,16.8,0.9248,ON_TIME
FO-000113,CARR-0014,LANE-0028,2024-06-20 15:02:30,2024-06-20 22:57:34,0.2311,13.89,0.9248,ON_TIME
FO-000117,CARR-0014,LANE-0007,2024-01-01 08:06:45,2024-01-01 11:19:10,0.6777,13.24,0.9248,DELAYED
FO-000104,CARR-0014,LANE-0004,2024-03-27 17:41:31,2024-03-29 16:22:57,0.4728,3.52,0.9248,ON_TIME
FO-000118,CARR-0014,LANE-0025,2024-06-21 06:08:58,2024-06-21 21:19:43,0.4926,3.31,0.9248,DELAYED
FO-000103,CARR-0014,LANE-0033,2024-01-01 08:06:45,2024-01-01 11:19:10,0.3431,51.58,0.9248,DELAYED
FO-000105,CARR-0014,LANE-0016,2024-05-14 04:53:35,2024-05-14 00:32:38,0.0464,8.09,0.9248,ON_TIME
FO-000126,CARR-0015,LANE-0037,2024-10-07 11:40:41,2024-10-07 15:44:34,0.7594,13.07,0.9085,ON_TIME
FO-000135,CARR-0015,LANE-0019,2024-06-07 07:56:11,2024-06-06 02:06:04,0.6053,4.93,0.9085,ON_TIME
FO-000130,CARR-0015,LANE-0004,2024-08-16 05:14:42,2024-08-17 07:54:18,0.6811,18.08,0.9085,DELAYED
FO-000127,CARR-0015,LANE-0006,2024-07-19 19:29:19,2024-07-19 12:01:41,0.3769,8.44,0.9085,DELAYED
FO-000134,CARR-0015,LANE-0025,2024-12-30 08:43:19,2024-12-31 10:46:26,0.9985,23.86,0.9085,DELAYED
FO-000121,CARR-0015,LANE-0008,2024-03-05 07:46:10,2024-03-05 04:50:52,0.1878,6.93,0.9085,ON_TIME
FO-000124,CARR-0015,LANE-0037,2024-03-17 05:48:32,2024-03-18 22:46:33,0.2438,10.43,0.9085,DELAYED
FO-000129,CARR-0015,LANE-0028,2024-07-01 13:38:57,2024-07-01 19:33:38,0.6092,0.0,0.9085,ON_TIME
FO-000123,CARR-0015,LANE-0008,2024-04-19 20:13:29,2024-04-20 09:56:44,0.3769,7.04,0.9085,ON_TIME
FO-000136,CARR-0015,LANE-0033,2024-03-31 20:06:40,2024-03-30 09:46:13,0.1924,0.0,0.9085,ON_TIME
FO-000138,CARR-0015,LANE-0025,2024-09-08 21:22:50,2024-09-08 20:17:31,0.2029,0.0,0.9085,ON_TIME
FO-000133,CARR-0015,LANE-0032,2024-04-28 22:07:00,2024-04-29 04:28:21,0.3673,2.56,0.9085,DELAYED
FO-000140,CARR-0015,LANE-0009,2024-03-09 21:10:16,2024-03-10 17:53:49,0.1613,6.46,0.9085,ON_TIME
FO-000125,CARR-0015,LANE-0025,2024-07-28 14:37:15,2024-07-30 02:14:37,0.8409,9.59,0.9085,ON_TIME
FO-000128,CARR-0015,LANE-0016,2024-02-07 22:53:59,2024-02-08 13:05:36,0.106,0.3,0.9085,ON_TIME
FO-000137,CARR-0015,LANE-0019,2024-06-13 10:04:38,2024-06-12 07:08:13,0.4594,5.39,0.9085,ON_TIME
FO-000120,CARR-0015,LANE-0033,2024-05-26 20:18:14,2024-05-26 04:46:26,0.4004,3.76,0.9085,DELAYED
FO-000132,CARR-0015,LANE-0007,2024-01-01 08:06:45,2024-01-01 11:19:10,0.4349,0.0,0.9085,ON_TIME
FO-000131,CARR-0015,LANE-0020,2024-07-25 12:31:19,2024-07-25 16:48:21,0.9561,1.93,0.9085,ON_TIME
FO-000139,CARR-0015,LANE-0016,2024-07-18 19:25:30,2024-07-19 13:22:46,0.9242,0.0,0.9085,DELAYED
FO-000122,CARR-0015,LANE-0019,2024-06-29 11:58:06,2024-06-27 10:48:11,0.6304,12.81,0.9085,DELAYED
FO-000170,CARR-0011,LANE-0032,2024-09-24 23:32:40,2024-09-25 14:51:47,0.3496,5.51,0.8219,DELAYED
FO-000158,CARR-0011,LANE-0025,2024-06-16 06:00:46,2024-06-17 05:18:59,0.4771,24.52,0.8219,DELAYED
FO-000164,CARR-0011,LANE-0025,2024-08-16 16:03:31,2024-08-16 13:48:05,0.3049,2.03,0.8219,ON_TIME
FO-000166,CARR-0011,LANE-0033,2024-07-28 08:31:42,2024-07-28 14:02:14,0.7143,24.0,0.8219,ON_TIME
FO-000159,CARR-0011,LANE-0028,2024-12-30 08:43:19,2024-12-31 10:46:26,0.1021,0.7,0.8219,ON_TIME
FO-000145,CARR-0011,LANE-0025,2024-02-28 22:49:21,2024-02-29 11:47:02,0.7243,1.74,0.8219,DELAYED
FO-000151,CARR-0011,LANE-0007,2024-03-27 09:21:26,2024-03-27 09:50:38,0.6552,8.64,0.8219,ON_TIME
FO-000161,CARR-0011,LANE-0037,2024-06-24 15:15:30,2024-06-26 12:32:46,0.5823,25.55,0.8219,DELAYED
FO-000146,CARR-0011,LANE-0016,2024-04-24 23:36:07,2024-04-25 13:22:02,0.6074,13.5,0.8219,DELAYED
FO-000168,CARR-0011,LANE-0037,2024-04-10 22:06:05,2024-04-12 10:13:52,0.9603,40.13,0.8219,DELAYED
FO-000153,CARR-0011,LANE-0025,2024-08-11 16:04:28,2024-08-13 21:12:48,0.9985,30.94,0.8219,DELAYED
FO-000155,CARR-0011,LANE-0033,2024-05-18 08:40:51,2024-05-19 01:46:07,0.7078,33.58,0.8219,ON_TIME
FO-000152,CARR-0011,LANE-0011,2024-02-25 07:33:48,2024-02-26 00:04:07,0.7535,0.0,0.8219,DELAYED
FO-000154,CARR-0011,LANE-0028,2024-07-31 16:41:07,2024-08-01 15:18:03,0.2395,15.21,0.8219,DELAYED
FO-000163,CARR-0011,LANE-0028,2024-02-07 18:08:24,2024-02-08 18:00:31,0.8679,14.37,0.8219,DELAYED
FO-000143,CARR-0011,LANE-0025,2024-06-03 06:17:07,2024-06-04 06:56:35,0.6021,9.98,0.8219,DELAYED
FO-000165,CARR-0011,LANE-0037,2024-06-13 17:02:40,2024-06-14 08:05:30,0.6939,33.44,0.8219,ON_TIME
FO-000167,CARR-0011,LANE-0033,2024-01-01 08:06:45,2024-01-01 11:19:10,0.5057,49.36,0.8219,DELAYED
FO-000156,CARR-0011,LANE-0008,2024-07-31 19:10:05,2024-08-02 13:56:58,0.2286,29.98,0.8219,DELAYED
FO-000142,CARR-0011,LANE-0011,2024-08-24 22:23:57,2024-08-26 17:43:22,0.3761,64.59,0.8219,ON_TIME
FO-000149,CARR-0011,LANE-0008,2024-07-27 22:14:55,2024-07-27 19:24:08,0.3973,29.49,0.8219,ON_TIME
FO-000148,CARR-0011,LANE-0017,2024-05-19 02:57:46,2024-05-19 03:23:52,0.0016,29.3,0.8219,ON_TIME
FO-000141,CARR-0011,LANE-0033,2024-03-02 16:50:24,2024-03-04 22:38:49,0.5849,66.62,0.8219,DELAYED
FO-000150,CARR-0011,LANE-0033,2024-10-01 02:26:44,2024-10-01 00:39:35,0.7573,0.0,0.8219,DELAYED
FO-000160,CARR-0011,LANE-0016,2024-07-04 14:12:03,2024-07-05 13:13:30,0.3381,30.96,0.8219,DELAYED
FO-000162,CARR-0011,LANE-0011,2024-09-13 12:56:18,2024-09-13 22:50:03,0.2318,38.13,0.8219,ON_TIME
FO-000157,CARR-0011,LANE-0020,2024-02-23 14:11:24,2024-02-23 17:05:14,0.342,8.87,0.8219,DELAYED
FO-000147,CARR-0011,LANE-0016,2024-03-03 20:33:30,2024-03-04 21:13:20,0.2713,36.9,0.8219,DELAYED
FO-000144,CARR-0011,LANE-0016,2024-08-02 08:55:03,2024-08-02 22:27:39,0.9367,0.0,0.8219,DELAYED
FO-000169,CARR-0011,LANE-0008,2024-01-01 08:06:45,2024-01-01 11:19:10,0.8832,35.44,0.8219,ON_TIME
FO-000190,CARR-0029,LANE-0032,2024-09-08 22:34:04,2024-09-08 20:53:38,0.3195,7.53,0.826,ON_TIME
FO-000179,CARR-0029,LANE-0032,2024-05-16 09:39:42,2024-05-15 08:47:52,0.3506,5.07,0.826,ON_TIME
FO-000181,CARR-0029,LANE-0025,2024-08-01 09:38:56,2024-08-02 07:02:01,0.4616,14.75,0.826,ON_TIME
FO-000177,CARR-0029,LANE-0038,2024-06-02 15:31:36,2024-06-02 10:31:15,0.4636,2.18,0.826,DELAYED
FO-000182,CARR-0029,LANE-0025,2024-12-17 23:27:39,2024-12-19 06:07:32,0.2076,19.41,0.826,DELAYED
FO-000189,CARR-0029,LANE-0009,2024-03-05 08:18:48,2024-03-05 04:27:16,0.7629,0.0,0.826,ON_TIME
FO-000188,CARR-0029,LANE-0038,2024-03-11 07:51:40,2024-03-12 21:01:44,0.7221,5.88,0.826,ON_TIME
FO-000183,CARR-0029,LANE-0020,2024-06-01 01:59:20,2024-06-01 02:52:45,0.264,0.0,0.826,ON_TIME
FO-000173,CARR-0029,LANE-0009,2024-04-07 19:32:59,2024-04-08 07:38:44,0.5753,3.38,0.826,ON_TIME
FO-000186,CARR-0029,LANE-0020,2024-02-16 16:38:20,2024-02-15 13:01:43,0.4538,0.0,0.826,ON_TIME
FO-000174,CARR-0029,LANE-0032,2024-06-19 20:30:13,2024-06-19 11:01:29,0.3278,0.0,0.826,ON_TIME
FO-000178,CARR-0029,LANE-0032,2024-03-25 17:16:46,2024-03-26 02:24:39,0.446,1.22,0.826,DELAYED
FO-000187,CARR-0029,LANE-0017,2024-03-11 21:14:52,2024-03-12 11:24:43,0.7925,0.0,0.826,ON_TIME
FO-000176,CARR-0029,LANE-0038,2024-07-15 16:13:06,2024-07-16 20:41:07,0.265,11.0,0.826,ON_TIME
FO-000175,CARR-0029,LANE-0009,2024-01-28 21:04:23,2024-01-29 08:50:54,0.7153,0.0,0.826,ON_TIME
FO-000171,CARR-0029,LANE-0020,2024-05-25 04:20:08,2024-05-24 01:43:26,0.4887,0.0,0.826,ON_TIME
FO-000180,CARR-0029,LANE-0038,2024-04-17 03:00:28,2024-04-16 17:09:17,0.4163,1.83,0.826,DELAYED
FO-000184,CARR-0029,LANE-0016,2024-01-01 08:06:45,2024-01-01 11:19:10,0.453,8.07,0.826,ON_TIME
FO-000185,CARR-0029,LANE-0016,2024-07-06 02:30:44,2024-07-06 04:18:03,0.0789,6.89,0.826,ON_TIME
FO-000172,CARR-0029,LANE-0020,2024-05-27 15:32:37,2024-05-28 12:15:27,0.0016,5.91,0.826,DELAYED
FO-000191,CARR-0009,LANE-0019,2024-08-04 01:17:22,2024-08-03 05:42:15,0.297,0.0,0.8361,ON_TIME
FO-000199,CARR-0009,LANE-0009,2024-05-24 20:43:23,2024-05-25 01:53:10,0.5189,8.35,0.8361,ON_TIME
FO-000192,CARR-0009,LANE-0016,2024-09-11 23:03:41,2024-09-11 23:46:44,0.4864,5.25,0.8361,ON_TIME
FO-000203,CARR-0009,LANE-0016,2024-08-15 05:08:11,2024-08-16 22:24:57,0.3695,24.88,0.8361,ON_TIME
FO-000196,CARR-0009,LANE-0020,2024-12-30 08:43:19,2024-12-31 10:46:26,0.2673,0.0,0.8361,ON_TIME
FO-000209,CARR-0009,LANE-0019,2024-02-27 16:20:30,2024-02-28 03:26:16,0.5377,11.98,0.8361,DELAYED
FO-000200,CARR-0009,LANE-0016,2024-05-21 02:31:43,2024-05-22 10:47:00,0.6231,21.72,0.8361,DELAYED
FO-000198,CARR-0009,LANE-0020,2024-03-01 05:45:11,2024-02-29 10:15:23,0.3258,0.0,0.8361,ON_TIME
FO-000195,CARR-0009,LANE-0016,2024-04-29 20:12:50,2024-04-30 11:20:27,0.5452,13.44,0.8361,DELAYED
FO-000202,CARR-0009,LANE-0017,2024-02-20 08:39:34,2024-02-21 21:47:49,0.4007,24.36,0.8361,ON_TIME
FO-000205,CARR-0009,LANE-0020,2024-02-07 00:34:12,2024-02-07 06:45:04,0.0016,8.39,0.8361,ON_TIME
FO-000194,CARR-0009,LANE-0038,2024-06-01 15:21:31,2024-06-03 07:19:03,0.5306,25.16,0.8361,ON_TIME
FO-000208,CARR-0009,LANE-0020,2024-01-30 20:08:19,2024-01-30 21:09:57,0.4776,7.21,0.8361,DELAYED
FO-000206,CARR-0009,LANE-0019,2024-06-23 23:24:30,2024-06-23 02:06:14,0.5085,0.0,0.8361,ON_TIME
FO-000204,CARR-0009,LANE-0032,2024-01-16 08:17:20,2024-01-17 04:47:51,0.5153,16.83,0.8361,DELAYED
FO-000197,CARR-0009,LANE-0019,2024-04-07 07:51:27,2024-04-07 00:40:23,0.3805,2.49,0.8361,ON_TIME
FO-000193,CARR-0009,LANE-0011,2024-06-27 15:44:25,2024-06-29 08:18:21,0.4889,25.16,0.8361,ON_TIME
FO-000201,CARR-0009,LANE-0011,2024-01-15 06:00:45,2024-01-16 17:25:52,0.9985,25.15,0.8361,DELAYED
FO-000207,CARR-0009,LANE-0017,2024-05-03 15:01:47,2024-05-02 06:40:56,0.4948,0.0,0.8361,ON_TIME
FO-000210,CARR-0016,LANE-0019,2024-10-28 13:41:18,2024-10-27 19:04:32,0.4105,6.7,0.8887,ON_TIME
FO-000219,CARR-0016,LANE-0032,2024-07-17 18:06:05,2024-07-17 22:53:04,0.6219,15.07,0.8887,ON_TIME
FO-000215,CARR-0016,LANE-0019,2024-08-29 00:01:18,2024-08-28 08:54:48,0.4261,0.0,0.8887,ON_TIME
FO-000223,CARR-0016,LANE-0038,2024-06-15 18:42:59,2024-06-18 00:30:42,0.3351,11.37,0.8887,ON_TIME
FO-000218,CARR-0016,LANE-0019,2024-12-30 08:43:19,2024-12-31 10:46:26,0.2582,0.0,0.8887,ON_TIME
FO-000217,CARR-0016,LANE-0017,2024-03-23 03:35:38,2024-03-21 22:28:26,0.5322,15.16,0.8887,DELAYED
FO-000212,CARR-0016,LANE-0038,2024-03-19 23:56:45,2024-03-20 00:02:08,0.5063,6.7,0.8887,ON_TIME
FO-000214,CARR-0016,LANE-0032,2024-08-26 12:01:48,2024-08-26 02:14:07,0.6314,29.91,0.8887,DELAYED
FO-000224,CARR-0016,LANE-0038,2024-05-11 10:43:51,2024-05-11 05:41:39,0.5547,12.89,0.8887,ON_TIME
FO-000216,CARR-0016,LANE-0017,2024-04-04 12:41:49,,0.5629,35.17,0.8887,DELAYED
FO-000213,CARR-0016,LANE-0011,2024-08-05 20:52:54,2024-08-07 23:00:23,0.2525,49.25,0.8887,DELAYED
FO-000220,CARR-0016,LANE-0038,2024-05-03 03:42:47,2024-05-05 02:10:08,0.5487,17.93,0.8887,ON_TIME
FO-000211,CARR-0016,LANE-0038,2024-03-30 04:29:46,2024-03-28 09:10:32,0.5119,17.7,0.8887,DELAYED
FO-000221,CARR-0016,LANE-0024,2024-10-01 09:29:52,2024-09-30 07:02:52,0.6427,8.21,0.8887,DELAYED
FO-000222,CARR-0016,LANE-0000,2024-02-26 05:39:18,2024-02-25 22:25:50,0.5773,25.29,0.8887,DELAYED
FO-000234,CARR-0026,LANE-0044,2024-11-08 00:35:44,2024-11-07 12:02:20,0.6795,2.79,0.895,ON_TIME
FO-000248,CARR-0026,LANE-0015,2024-07-14 22:37:10,2024-07-14 21:24:55,0.5006,5.86,0.895,ON_TIME
FO-000240,CARR-0026,LANE-0046,2024-10-13 19:29:52,2024-10-13 16:32:18,0.7915,8.93,0.895,DELAYED
FO-000237,CARR-0026,LANE-0015,2024-08-11 13:39:06,2024-08-13 14:36:45,0.6515,16.45,0.895,ON_TIME
FO-000245,CARR-0026,LANE-0035,2024-12-30 08:43:19,2024-12-31 10:46:26,0.8841,8.29,0.895,ON_TIME
FO-000235,CARR-0026,LANE-0047,2024-02-13 08:28:28,2024-02-12 17:31:45,0.6249,6.03,0.895,ON_TIME
FO-000246,CARR-0026,LANE-0040,2024-04-04 17:25:21,2024-04-05 03:51:59,0.6895,12.98,0.895,DELAYED
FO-000229,CARR-0026,LANE-0031,2024-06-25 00:36:29,2024-06-24 04:36:59,0.3569,0.0,0.895,ON_TIME
FO-000238,CARR-0026,LANE-0022,2024-05-04 06:44:09,2024-05-04 06:03:48,0.5916,8.08,0.895,ON_TIME
FO-000250,CARR-0026,LANE-0047,2024-03-06 21:09:58,2024-03-08 06:55:19,0.3341,9.86,0.895,ON_TIME
FO-000233,CARR-0026,LANE-0005,2024-06-01 08:31:47,2024-06-02 17:01:03,0.3266,2.25,0.895,ON_TIME
FO-000242,CARR-0026,LANE-0021,2024-05-26 22:59:40,2024-05-28 10:13:10,0.4982,13.76,0.895,DELAYED
FO-000244,CARR-0026,LANE-0021,2024-01-30 16:26:58,2024-01-29 14:44:51,0.624,3.13,0.895,ON_TIME
FO-000232,CARR-0026,LANE-0042,2024-09-25 06:12:17,2024-09-24 03:41:06,0.5579,0.95,0.895,ON_TIME
FO-000239,CARR-0026,LANE-0012,2024-01-04 01:23:55,2024-01-03 22:09:59,0.4929,6.41,0.895,ON_TIME
FO-000230,CARR-0026,LANE-0024,2024-06-05 02:58:58,2024-06-06 11:48:37,0.5525,2.28,0.895,ON_TIME
FO-000249,CARR-0026,LANE-0021,2024-06-26 23:46:49,2024-06-28 16:27:59,0.5247,14.58,0.895,ON_TIME
FO-000227,CARR-0026,LANE-0047,2024-01-01 08:06:45,2024-01-01 11:19:10,0.2329,8.58,0.895,DELAYED
FO-000231,CARR-0026,LANE-0003,2024-09-21 08:54:08,2024-09-19 22:35:21,0.359,0.0,0.895,ON_TIME
FO-000226,CARR-0026,LANE-0031,2024-10-20 10:28:26,2024-10-21 16:35:24,0.224,7.96,0.895,ON_TIME
FO-000228,CARR-0026,LANE-0044,2024-09-29 14:03:40,2024-10-01 07:38:40,0.6715,18.27,0.895,DELAYED
FO-000247,CARR-0026,LANE-0005,2024-09-28 09:20:12,2024-09-27 09:07:45,0.5934,9.8,0.895,DELAYED
FO-000225,CARR-0026,LANE-0005,2024-03-16 12:57:19,2024-03-16 22:23:36,0.0684,5.48,0.895,DELAYED
FO-000243,CARR-0026,LANE-0027,2024-09-22 08:43:08,,0.9102,8.26,0.895,ON_TIME
FO-000236,CARR-0026,LANE-0035,2024-08-25 03:15:57,2024-08-25 02:41:50,0.4783,6.42,0.895,DELAYED
FO-000241,CARR-0026,LANE-0043,2024-12-05 20:09:49,2024-12-07 01:44:31,0.5656,13.5,0.895,DELAYED
FO-000260,CARR-0008,LANE-0046,2024-12-11 20:58:40,,0.5268,19.42,0.7681,ON_TIME
FO-000255,CARR-0008,LANE-0046,2024-08-14 03:59:14,2024-08-15 18:21:43,0.4919,11.8,0.7681,ON_TIME
FO-000266,CARR-0008,LANE-0043,2024-09-22 13:56:15,2024-09-23 01:01:40,0.6516,22.35,0.7681,DELAYED
FO-000251,CARR-0008,LANE-0000,2024-07-18 20:29:14,2024-07-20 09:30:57,0.6115,12.06,0.7681,DELAYED
FO-000259,CARR-0008,LANE-0048,2024-12-30 08:43:19,2024-12-31 10:46:26,0.9279,27.95,0.7681,DELAYED
FO-000265,CARR-0008,LANE-0031,2024-04-30 23:32:06,2024-05-01 09:41:23,0.111,12.46,0.7681,ON_TIME
FO-000257,CARR-0008,LANE-0041,2024-04-11 12:46:52,2024-04-10 21:21:39,0.3836,14.22,0.7681,DELAYED
FO-000261,CARR-0008,LANE-0021,2024-10-18 22:31:30,2024-10-18 15:33:22,0.2311,7.47,0.7681,ON_TIME
FO-000264,CARR-0008,LANE-0049,2024-06-10 16:45:30,2024-06-10 18:28:35,0.3511,12.6,0.7681,ON_TIME
FO-000254,CARR-0008,LANE-0014,2024-05-18 18:36:29,2024-05-20 00:34:23,0.2408,0.29,0.7681,ON_TIME
FO-000262,CARR-0008,LANE-0045,2024-11-10 06:37:41,2024-11-10 07:41:50,0.0016,0.0,0.7681,DELAYED
FO-000263,CARR-0008,LANE-0018,2024-05-27 16:40:07,2024-05-28 03:20:04,0.5244,7.74,0.7681,DELAYED
FO-000252,CARR-0008,LANE-0027,2024-05-17 12:53:30,2024-05-16 23:13:31,0.0016,12.53,0.7681,ON_TIME
FO-000258,CARR-0008,LANE-0013,2024-10-29 16:34:13,2024-10-29 01:35:06,0.551,17.19,0.7681,ON_TIME
FO-000253,CARR-0008,LANE-0042,2024-04-09 05:33:12,2024-04-10 16:55:01,0.0508,6.64,0.7681,ON_TIME
FO-000256,CARR-0008,LANE-0022,2024-08-26 17:43:10,,0.24,12.44,0.7681,ON_TIME
FO-000291,CARR-0002,LANE-0022,2024-12-15 13:57:37,2024-12-16 11:10:32,0.52,3.07,0.8796,DELAYED
FO-000273,CARR-0002,LANE-0031,2024-08-10 11:40:17,2024-08-11 04:08:32,0.6329,23.46,0.8796,DELAYED
FO-000272,CARR-0002,LANE-0040,2024-09-30 08:29:01,2024-09-30 10:38:53,0.4025,0.0,0.8796,ON_TIME
FO-000276,CARR-0002,LANE-0013,2024-07-30 10:56:51,2024-07-30 11:00:19,0.1797,25.46,0.8796,ON_TIME
FO-000289,CARR-0002,LANE-0001,2024-12-30 08:43:19,2024-12-31 10:46:26,0.2745,0.0,0.8796,ON_TIME
FO-000283,CARR-0002,LANE-0024,2024-03-16 02:42:59,2024-03-17 16:17:22,0.5584,26.38,0.8796,DELAYED
FO-000282,CARR-0002,LANE-0026,2024-03-20 00:48:49,2024-03-20 12:19:13,0.3904,19.68,0.8796,DELAYED
FO-000284,CARR-0002,LANE-0048,2024-09-26 19:23:39,2024-09-28 17:38:05,0.817,37.28,0.8796,DELAYED
FO-000288,CARR-0002,LANE-0041,2024-05-20 11:56:12,2024-05-21 09:06:47,0.5325,23.53,0.8796,DELAYED
FO-000277,CARR-0002,LANE-0034,2024-04-27 02:52:40,2024-04-28 09:47:56,0.5109,59.7,0.8796,DELAYED
FO-000275,CARR-0002,LANE-0041,2024-10-13 02:07:38,2024-10-15 19:42:46,0.4192,67.4,0.8796,DELAYED
FO-000280,CARR-0002,LANE-0018,2024-05-26 22:49:14,2024-05-27 04:35:47,0.4121,36.28,0.8796,ON_TIME
FO-000286,CARR-0002,LANE-0001,2024-03-22 04:42:10,2024-03-24 05:41:54,0.6025,27.23,0.8796,DELAYED
FO-000287,CARR-0002,LANE-0001,2024-10-29 19:01:23,2024-10-30 13:03:54,0.7476,6.77,0.8796,DELAYED
FO-000279,CARR-0002,LANE-0045,2024-02-20 02:57:26,2024-02-21 21:10:57,0.5911,43.12,0.8796,DELAYED
FO-000268,CARR-0002,LANE-0031,2024-08-01 01:05:55,2024-08-02 15:01:46,0.6211,24.79,0.8796,DELAYED
FO-000278,CARR-0002,LANE-0049,2024-06-23 01:44:33,2024-06-23 04:04:26,0.3562,33.72,0.8796,ON_TIME
FO-000271,CARR-0002,LANE-0027,2024-01-01 08:06:45,2024-01-01 11:19:10,0.9802,46.17,0.8796,ON_TIME
FO-000285,CARR-0002,LANE-0049,2024-11-30 02:28:05,2024-12-01 05:49:43,0.9664,20.02,0.8796,DELAYED
FO-000290,CARR-0002,LANE-0048,2024-11-13 15:33:10,2024-11-13 09:21:42,0.7371,39.35,0.8796,ON_TIME
FO-000270,CARR-0002,LANE-0014,2024-08-03 15:41:09,2024-08-02 14:06:04,0.2853,9.45,0.8796,ON_TIME
FO-000267,CARR-0002,LANE-0027,2024-07-14 23:12:23,2024-07-13 10:36:52,0.8582,0.0,0.8796,ON_TIME
FO-000281,CARR-0002,LANE-0047,2024-04-29 04:54:53,2024-04-29 19:42:24,0.9849,61.0,0.8796,DELAYED
FO-000269,CARR-0002,LANE-0012,2024-10-31 09:20:29,2024-11-01 20:54:26,0.071,6.26,0.8796,DELAYED
FO-000274,CARR-0002,LANE-0046,2024-09-06 04:41:20,2024-09-06 09:24:55,0.6818,18.6,0.8796,ON_TIME
FO-000295,CARR-0019,LANE-0000,2024-07-30 19:30:18,2024-08-01 00:40:12,0.8672,35.82,0.7035,DELAYED
FO-000303,CARR-0019,LANE-0027,2024-05-14 13:45:08,2024-05-15 14:18:04,0.6029,24.03,0.7035,DELAYED
FO-000294,CARR-0019,LANE-0018,2024-08-20 10:18:44,2024-08-20 21:29:10,0.6012,19.32,0.7035,DELAYED
FO-000292,CARR-0019,LANE-0005,2024-07-21 07:45:05,2024-07-24 10:18:21,0.3152,31.99,0.7035,ON_TIME
FO-000298,CARR-0019,LANE-0035,2024-12-05 11:48:56,2024-12-06 22:23:50,0.669,46.87,0.7035,DELAYED
FO-000293,CARR-0019,LANE-0012,2024-03-19 11:29:03,2024-03-19 04:27:40,0.7558,0.0,0.7035,ON_TIME
FO-000304,CARR-0019,LANE-0012,2024-05-12 17:52:03,2024-05-12 11:50:04,0.4332,0.0,0.7035,ON_TIME
FO-000296,CARR-0019,LANE-0018,2024-03-21 19:47:21,2024-03-23 10:33:20,0.9692,36.07,0.7035,DELAYED
FO-000305,CARR-0019,LANE-0049,2024-04-29 03:21:47,2024-04-29 10:34:47,0.5971,9.53,0.7035,ON_TIME
FO-000302,CARR-0019,LANE-0034,2024-02-27 12:15:50,,0.4885,28.33,0.7035,ON_TIME
FO-000299,CARR-0019,LANE-0035,2024-03-22 09:52:35,2024-03-24 23:30:20,0.9985,63.07,0.7035,ON_TIME
FO-000297,CARR-0019,LANE-0000,2024-05-12 11:16:39,2024-05-13 10:31:51,0.3055,22.75,0.7035,ON_TIME
FO-000301,CARR-0019,LANE-0018,2024-03-04 19:40:29,2024-03-04 11:44:21,0.9121,0.0,0.7035,ON_TIME
FO-000300,CARR-0019,LANE-0001,2024-06-14 00:53:53,2024-06-17 02:11:51,0.7939,26.27,0.7035,DELAYED
FO-000312,CARR-0006,LANE-0049,2024-11-07 14:22:23,2024-11-08 12:30:15,0.3875,28.11,0.6356,DELAYED
FO-000317,CARR-0006,LANE-0044,2024-06-17 20:46:28,2024-06-18 13:23:00,0.4032,20.79,0.6356,DELAYED
FO-000315,CARR-0006,LANE-0034,2024-09-04 23:50:53,2024-09-06 19:51:26,0.5757,54.48,0.6356,DELAYED
FO-000318,CARR-0006,LANE-0045,2024-06-11 15:36:28,2024-06-12 00:01:23,0.8734,19.67,0.6356,DELAYED
FO-000314,CARR-0006,LANE-0023,2024-12-30 08:43:19,2024-12-31 10:46:26,0.5258,54.31,0.6356,DELAYED
FO-000316,CARR-0006,LANE-0022,2024-03-21 03:02:04,2024-03-21 19:52:31,0.6078,29.29,0.6356,ON_TIME
FO-000308,CARR-0006,LANE-0036,2024-03-10 22:31:50,2024-03-12 04:10:57,0.7767,43.65,0.6356,DELAYED
FO-000310,CARR-0006,LANE-0026,2024-07-31 05:32:49,2024-07-30 19:10:43,0.1741,0.0,0.6356,ON_TIME
FO-000307,CARR-0006,LANE-0036,2024-04-26 07:36:51,2024-04-27 03:12:34,0.5773,29.05,0.6356,ON_TIME
FO-000313,CARR-0006,LANE-0036,2024-02-27 06:11:42,2024-02-26 06:09:31,0.6373,0.0,0.6356,ON_TIME
FO-000309,CARR-0006,LANE-0018,2024-08-15 06:33:59,2024-08-12 12:20:08,0.5685,0.0,0.6356,ON_TIME
FO-000319,CARR-0006,LANE-0040,2024-03-30 15:41:26,2024-03-30 22:43:47,0.7038,14.77,0.6356,DELAYED
FO-000306,CARR-0006,LANE-0018,2024-04-05 13:09:24,2024-04-06 01:07:08,0.555,24.4,0.6356,ON_TIME
FO-000311,CARR-0006,LANE-0014,2024-09-09 04:25:15,2024-09-10 11:03:18,0.2052,32.87,0.6356,DELAYED
FO-000332,CARR-0020,LANE-0015,2024-07-28 17:07:56,2024-07-28 04:34:01,0.5817,11.73,0.8184,DELAYED
FO-000338,CARR-0020,LANE-0044,2024-05-26 23:33:58,2024-05-26 20:39:45,0.3868,5.71,0.8184,ON_TIME
FO-000335,CARR-0020,LANE-0014,2024-09-03 15:32:11,2024-09-03 06:06:24,0.4143,7.92,0.8184,ON_TIME
FO-000336,CARR-0020,LANE-0021,2024-08-20 22:46:36,2024-08-22 13:46:15,0.4705,0.48,0.8184,ON_TIME
FO-000329,CARR-0020,LANE-0013,2024-12-18 12:47:07,2024-12-18 22:20:31,0.464,14.34,0.8184,DELAYED
FO-000334,CARR-0020,LANE-0035,2024-03-19 23:07:11,2024-03-18 13:07:20,0.593,1.41,0.8184,ON_TIME
FO-000327,CARR-0020,LANE-0035,2024-06-03 04:45:46,,0.4138,0.0,0.8184,ON_TIME
FO-000323,CARR-0020,LANE-0039,2024-03-10 22:02:00,2024-03-10 04:52:55,0.615,9.28,0.8184,DELAYED
FO-000333,CARR-0020,LANE-0036,2024-05-10 18:59:42,2024-05-10 06:43:23,0.4606,2.54,0.8184,ON_TIME
FO-000325,CARR-0020,LANE-0043,2024-03-15 13:24:47,2024-03-16 14:30:02,0.5408,0.0,0.8184,ON_TIME
FO-000324,CARR-0020,LANE-0042,2024-03-07 20:53:08,2024-03-09 01:17:30,0.9985,4.8,0.8184,DELAYED
FO-000321,CARR-0020,LANE-0026,2024-06-11 11:17:42,2024-06-12 14:25:16,0.3559,0.0,0.8184,ON_TIME
FO-000320,CARR-0020,LANE-0013,2024-02-24 07:56:21,2024-02-22 10:24:15,0.6944,2.68,0.8184,ON_TIME
FO-000322,CARR-0020,LANE-0018,2024-06-15 20:57:57,2024-06-14 22:03:48,0.386,11.26,0.8184,DELAYED
FO-000330,CARR-0020,LANE-0039,2024-02-12 21:28:42,2024-02-12 00:30:28,0.5996,0.0,0.8184,ON_TIME
FO-000331,CARR-0020,LANE-0039,2024-04-18 12:43:39,2024-04-17 14:19:42,0.6245,6.7,0.8184,ON_TIME
FO-000328,CARR-0020,LANE-0035,2024-07-05 00:13:05,2024-07-06 09:43:15,0.366,0.0,0.8184,ON_TIME
FO-000326,CARR-0020,LANE-0026,2024-01-27 07:06:50,2024-01-26 18:24:41,0.0016,0.0,0.8184,ON_TIME
FO-000337,CARR-0020,LANE-0018,2024-04-25 16:58:26,2024-04-24 18:53:35,0.3616,13.15,0.8184,DELAYED
FO-000341,CARR-0004,LANE-0048,2024-09-14 19:15:39,2024-09-15 06:58:22,0.2476,9.56,0.744,ON_TIME
FO-000343,CARR-0004,LANE-0044,2024-05-31 11:07:05,2024-05-31 23:37:08,0.3879,16.66,0.744,DELAYED
FO-000357,CARR-0004,LANE-0046,2024-09-23 22:20:57,2024-09-24 15:16:50,0.4546,17.93,0.744,DELAYED
FO-000350,CARR-0004,LANE-0043,2024-07-11 20:00:40,2024-07-11 16:39:49,0.8528,6.04,0.744,DELAYED
FO-000355,CARR-0004,LANE-0041,2024-12-30 08:43:19,2024-12-31 10:46:26,0.2919,0.0,0.744,DELAYED
FO-000344,CARR-0004,LANE-0047,2024-03-21 09:09:21,2024-03-23 10:26:26,0.6143,37.94,0.744,ON_TIME
FO-000340,CARR-0004,LANE-0013,2024-05-05 18:33:27,2024-05-07 04:16:59,0.7866,32.29,0.744,DELAYED
FO-000358,CARR-0004,LANE-0044,2024-04-17 20:36:28,2024-04-18 12:56:05,0.1545,13.07,0.744,ON_TIME
FO-000339,CARR-0004,LANE-0012,2024-05-04 09:56:08,2024-05-05 14:32:26,0.575,26.76,0.744,DELAYED
FO-000342,CARR-0004,LANE-0005,2024-01-31 16:42:42,2024-02-01 00:57:56,0.7363,13.29,0.744,ON_TIME
FO-000351,CARR-0004,LANE-0013,2024-03-15 05:51:49,2024-03-15 04:28:34,0.5692,0.0,0.744,ON_TIME
FO-000359,CARR-0004,LANE-0043,2024-04-27 09:54:24,2024-04-27 14:01:31,0.751,14.06,0.744,DELAYED
FO-000356,CARR-0004,LANE-0049,2024-03-12 03:26:45,2024-03-14 11:49:13,0.5482,39.97,0.744,ON_TIME
FO-000349,CARR-0004,LANE-0005,2024-07-29 14:20:59,2024-07-30 06:08:16,0.1185,16.83,0.744,ON_TIME
FO-000352,CARR-0004,LANE-0048,2024-01-28 02:31:25,2024-01-29 21:11:11,0.6677,34.29,0.744,ON_TIME
FO-000360,CARR-0004,LANE-0015,2024-05-14 20:50:01,2024-05-16 01:31:32,0.3757,21.79,0.744,ON_TIME
FO-000346,CARR-0004,LANE-0027,2024-05-21 07:04:41,2024-05-21 05:55:17,0.7647,10.14,0.744,DELAYED
FO-000348,CARR-0004,LANE-0045,2024-01-01 08:06:45,2024-01-01 11:19:10,0.4812,40.59,0.744,DELAYED
FO-000364,CARR-0004,LANE-0034,2024-06-17 17:32:31,2024-06-18 01:26:29,0.0016,11.65,0.744,ON_TIME
FO-000353,CARR-0004,LANE-0021,2024-06-05 18:03:30,2024-06-04 09:13:20,0.2711,0.0,0.744,DELAYED
FO-000354,CARR-0004,LANE-0040,2024-08-21 14:22:20,2024-08-21 06:04:19,0.741,9.65,0.744,DELAYED
FO-000363,CARR-0004,LANE-0044,2024-08-19 08:33:06,2024-08-19 20:47:39,0.1778,31.27,0.744,DELAYED
FO-000345,CARR-0004,LANE-0003,2024-01-01 08:06:45,2024-01-01 11:19:10,0.3358,16.52,0.744,DELAYED
FO-000347,CARR-0004,LANE-0001,2024-09-23 13:27:23,2024-09-24 12:44:30,0.6994,9.72,0.744,ON_TIME
FO-000365,CARR-0004,LANE-0040,2024-06-23 17:39:48,2024-06-23 21:39:52,0.3137,13.81,0.744,DELAYED
FO-000362,CARR-0004,LANE-0044,2024-09-12 17:07:53,2024-09-11 21:27:16,0.4588,1.75,0.744,DELAYED
FO-000361,CARR-0004,LANE-0035,2024-05-05 19:51:21,2024-05-07 15:32:56,0.4837,42.88,0.744,DELAYED
FO-000381,CARR-0025,LANE-0049,2024-11-30 01:30:16,2024-11-30 11:19:56,0.4674,35.77,0.7986,DELAYED
FO-000369,CARR-0025,LANE-0044,2024-08-12 12:38:32,2024-08-12 16:19:51,0.36,22.28,0.7986,DELAYED
FO-000366,CARR-0025,LANE-0047,2024-10-11 17:16:25,2024-10-12 08:36:43,0.6541,32.13,0.7986,DELAYED
FO-000385,CARR-0025,LANE-0000,2024-07-08 15:37:51,2024-07-10 00:30:49,0.4019,34.16,0.7986,DELAYED
FO-000376,CARR-0025,LANE-0047,2024-12-30 08:43:19,2024-12-31 10:46:26,0.7364,39.55,0.7986,DELAYED
FO-000379,CARR-0025,LANE-0035,2024-04-27 03:34:29,2024-04-27 12:41:20,0.3702,31.55,0.7986,ON_TIME
FO-000380,CARR-0025,LANE-0049,2024-04-27 03:54:09,2024-04-27 22:10:08,0.5049,28.25,0.7986,ON_TIME
FO-000367,CARR-0025,LANE-0012,2024-09-09 01:06:31,2024-09-08 19:46:00,0.1145,26.42,0.7986,ON_TIME
FO-000375,CARR-0025,LANE-0040,2024-06-12 01:01:34,2024-06-12 11:06:59,0.4005,27.08,0.7986,ON_TIME
FO-000372,CARR-0025,LANE-0049,2024-04-09 21:06:28,2024-04-12 12:46:09,0.0417,25.65,0.7986,ON_TIME
FO-000371,CARR-0025,LANE-0026,2024-07-25 10:56:00,2024-07-26 11:54:29,0.0016,47.94,0.7986,ON_TIME
FO-000370,CARR-0025,LANE-0027,2024-05-23 03:41:09,2024-05-23 22:21:59,0.3171,23.23,0.7986,DELAYED
FO-000374,CARR-0025,LANE-0046,2024-05-03 18:58:23,2024-05-04 01:50:01,0.3271,34.83,0.7986,ON_TIME
FO-000386,CARR-0025,LANE-0036,2024-11-03 20:33:35,2024-11-03 15:25:28,0.4636,22.6,0.7986,ON_TIME
FO-000384,CARR-0025,LANE-0012,2024-03-21 05:44:29,2024-03-21 14:33:37,0.2115,28.76,0.7986,ON_TIME
FO-000368,CARR-0025,LANE-0047,2024-08-06 02:30:02,2024-08-06 08:02:40,0.2969,32.21,0.7986,ON_TIME
FO-000373,CARR-0025,LANE-0000,2024-06-11 02:31:24,2024-06-12 00:35:09,0.3354,25.15,0.7986,DELAYED
FO-000383,CARR-0025,LANE-0047,2024-02-11 18:16:40,2024-02-12 23:48:30,0.3114,0.0,0.7986,ON_TIME
FO-000378,CARR-0025,LANE-0012,2024-11-20 09:48:09,2024-11-19 16:16:29,0.2865,15.58,0.7986,ON_TIME
FO-000382,CARR-0025,LANE-0042,2024-09-29 13:06:11,2024-09-29 11:03:25,0.2044,6.54,0.7986,DELAYED
FO-000377,CARR-0025,LANE-0021,2024-08-03 17:46:29,2024-08-04 16:51:42,0.6185,20.62,0.7986,DELAYED
FO-000392,CARR-0005,LANE-0012,2024-10-12 12:17:20,2024-10-12 09:50:51,0.369,8.06,0.7309,DELAYED
FO-000399,CARR-0005,LANE-0003,2024-07-01 22:38:52,2024-07-01 23:50:33,0.3728,6.64,0.7309,ON_TIME
FO-000400,CARR-0005,LANE-0003,2024-08-25 01:40:10,2024-08-25 11:27:19,0.4792,21.91,0.7309,DELAYED
FO-000391,CARR-0005,LANE-0044,2024-07-13 20:33:01,2024-07-15 12:07:46,0.5508,37.7,0.7309,ON_TIME
FO-000390,CARR-0005,LANE-0015,2024-12-22 23:36:59,2024-12-23 14:43:31,0.2558,39.22,0.7309,DELAYED
FO-000402,CARR-0005,LANE-0035,2024-05-03 14:58:18,2024-05-03 14:21:13,0.792,0.0,0.7309,ON_TIME
FO-000387,CARR-0005,LANE-0047,2024-04-26 18:32:43,2024-04-27 17:50:17,0.7431,13.86,0.7309,ON_TIME
FO-000389,CARR-0005,LANE-0039,2024-08-04 19:26:17,2024-08-04 10:32:07,0.3182,0.0,0.7309,ON_TIME
FO-000401,CARR-0005,LANE-0039,2024-05-28 08:35:58,2024-05-28 18:31:11,0.6017,4.13,0.7309,ON_TIME
FO-000394,CARR-0005,LANE-0015,2024-05-01 03:06:48,2024-05-02 03:16:42,0.5427,5.43,0.7309,ON_TIME
FO-000397,CARR-0005,LANE-0012,2024-09-14 19:55:00,2024-09-15 20:14:49,0.526,0.0,0.7309,ON_TIME
FO-000395,CARR-0005,LANE-0036,2024-05-16 14:22:25,2024-05-17 22:26:58,0.4971,23.79,0.7309,ON_TIME
FO-000396,CARR-0005,LANE-0000,2024-05-14 22:39:09,2024-05-14 17:53:41,0.8294,0.0,0.7309,ON_TIME
FO-000393,CARR-0005,LANE-0015,2024-08-21 13:42:48,2024-08-21 06:09:49,0.2628,0.0,0.7309,DELAYED
FO-000398,CARR-0005,LANE-0012,2024-04-09 07:45:27,2024-04-09 16:33:19,0.7621,0.0,0.7309,ON_TIME
FO-000388,CARR-0005,LANE-0049,2024-07-19 03:49:34,2024-07-18 20:28:55,0.5376,0.0,0.7309,ON_TIME
FO-000411,CARR-0010,LANE-0026,2024-11-01 18:22:52,2024-11-04 14:18:45,0.2847,10.68,0.6348,ON_TIME
FO-000415,CARR-0010,LANE-0034,2024-07-03 09:14:39,2024-07-04 01:01:11,0.2926,11.38,0.6348,ON_TIME
FO-000403,CARR-0010,LANE-0005,2024-09-16 00:27:40,2024-09-17 12:25:33,0.4422,29.66,0.6348,DELAYED
FO-000408,CARR-0010,LANE-0027,2024-07-02 23:26:47,2024-07-03 07:43:36,0.5194,11.52,0.6348,DELAYED
FO-000410,CARR-0010,LANE-0043,2024-12-30 08:43:19,2024-12-31 10:46:26,0.2668,31.63,0.6348,DELAYED
FO-000404,CARR-0010,LANE-0024,2024-04-08 11:12:28,2024-04-09 01:13:02,0.6402,6.5,0.6348,ON_TIME
FO-000416,CARR-0010,LANE-0041,2024-04-10 09:48:03,2024-04-11 09:36:03,0.6659,21.62,0.6348,DELAYED
FO-000407,CARR-0010,LANE-0045,2024-07-28 04:20:22,2024-07-28 00:01:02,0.158,0.0,0.6348,ON_TIME
FO-000414,CARR-0010,LANE-0039,2024-05-16 16:01:48,2024-05-17 08:57:18,0.5019,12.4,0.6348,ON_TIME
FO-000409,CARR-0010,LANE-0013,2024-03-20 20:31:47,2024-03-20 04:26:24,0.4174,0.0,0.6348,ON_TIME
FO-000406,CARR-0010,LANE-0034,2024-07-29 17:45:39,2024-07-27 17:34:32,0.3185,0.0,0.6348,ON_TIME
FO-000405,CARR-0010,LANE-0048,2024-04-29 03:54:31,2024-04-29 11:35:34,0.4436,10.35,0.6348,DELAYED
FO-000417,CARR-0010,LANE-0031,2024-04-17 00:34:25,2024-04-17 10:45:22,0.6455,0.09,0.6348,ON_TIME
FO-000412,CARR-0010,LANE-0034,2024-09-13 18:15:43,2024-09-14 21:21:00,0.1824,17.52,0.6348,ON_TIME
FO-000413,CARR-0010,LANE-0034,2024-03-01 18:12:24,2024-03-01 18:58:34,0.5966,0.0,0.6348,ON_TIME
FO-000418,CARR-0010,LANE-0035,2024-07-10 00:47:11,2024-07-10 08:27:22,0.396,0.0,0.6348,ON_TIME
FO-000444,CARR-0027,LANE-0013,2024-10-28 08:07:31,,0.594,6.8,0.922,ON_TIME
FO-000437,CARR-0027,LANE-0035,2024-07-10 03:20:24,2024-07-11 11:58:58,0.2677,6.07,0.922,ON_TIME
FO-000434,CARR-0027,LANE-0045,2024-08-28 16:33:17,2024-08-28 14:53:18,0.2483,0.25,0.922,ON_TIME
FO-000430,CARR-0027,LANE-0045,2024-06-30 19:17:39,2024-06-30 12:34:20,0.4137,0.0,0.922,ON_TIME
FO-000441,CARR-0027,LANE-0021,2024-12-30 08:43:19,2024-12-31 10:46:26,0.1182,0.0,0.922,ON_TIME
FO-000438,CARR-0027,LANE-0015,2024-04-13 09:25:34,2024-04-14 11:55:51,0.7058,14.01,0.922,ON_TIME
FO-000420,CARR-0027,LANE-0003,2024-04-12 00:39:19,2024-04-11 08:40:31,0.7877,5.71,0.922,ON_TIME
FO-000445,CARR-0027,LANE-0043,2024-08-17 06:14:10,2024-08-18 10:20:04,0.353,15.03,0.922,DELAYED
FO-000424,CARR-0027,LANE-0034,2024-05-21 14:01:55,2024-05-21 21:32:19,0.5459,8.06,0.922,ON_TIME
FO-000425,CARR-0027,LANE-0041,2024-04-13 14:05:42,,0.309,6.01,0.922,DELAYED
FO-000435,CARR-0027,LANE-0041,2024-08-22 22:02:48,2024-08-23 10:50:23,0.3596,9.85,0.922,DELAYED
FO-000442,CARR-0027,LANE-0044,2024-05-11 00:34:41,2024-05-10 16:31:15,0.444,0.5,0.922,ON_TIME
FO-000428,CARR-0027,LANE-0031,2024-04-10 20:54:20,2024-04-11 16:05:22,0.0016,13.74,0.922,ON_TIME
FO-000429,CARR-0027,LANE-0022,2024-09-23 18:55:20,2024-09-24 03:51:04,0.8256,11.62,0.922,ON_TIME
FO-000423,CARR-0027,LANE-0027,2024-03-14 19:17:29,2024-03-15 06:51:14,0.4584,13.34,0.922,DELAYED
FO-000426,CARR-0027,LANE-0043,2024-07-14 09:36:51,2024-07-16 03:45:49,0.394,11.7,0.922,ON_TIME
FO-000443,CARR-0027,LANE-0001,2024-05-27 13:20:51,2024-05-27 14:46:27,0.2698,0.0,0.922,ON_TIME
FO-000432,CARR-0027,LANE-0046,2024-01-02 15:26:57,2024-01-03 03:01:38,0.4524,12.36,0.922,DELAYED
FO-000419,CARR-0027,LANE-0045,2024-09-20 12:16:23,2024-09-21 19:24:19,0.0016,9.97,0.922,DELAYED
FO-000427,CARR-0027,LANE-0042,2024-08-26 15:54:28,2024-08-26 03:19:36,0.3204,0.0,0.922,DELAYED
FO-000422,CARR-0027,LANE-0024,2024-07-01 14:43:55,2024-07-02 05:55:09,0.4833,0.0,0.922,ON_TIME
FO-000431,CARR-0027,LANE-0031,2024-06-24 14:27:28,2024-06-24 14:25:45,0.5984,2.66,0.922,ON_TIME
FO-000436,CARR-0027,LANE-0045,2024-04-03 06:04:47,2024-04-04 05:26:48,0.3431,10.53,0.922,DELAYED
FO-000440,CARR-0027,LANE-0044,2024-10-08 18:31:17,2024-10-10 15:43:31,0.7886,3.72,0.922,ON_TIME
FO-000433,CARR-0027,LANE-0041,2024-08-08 03:06:24,2024-08-08 07:05:45,0.9985,8.17,0.922,ON_TIME
FO-000439,CARR-0027,LANE-0042,2024-09-08 09:09:47,,0.8868,0.0,0.922,ON_TIME
FO-000447,CARR-0027,LANE-0031,2024-03-25 03:10:04,2024-03-25 03:02:56,0.0016,5.52,0.922,ON_TIME
FO-000421,CARR-0027,LANE-0031,2024-04-21 23:47:23,2024-04-23 01:13:22,0.7244,11.49,0.922,ON_TIME
FO-000446,CARR-0027,LANE-0015,2024-08-16 07:51:10,2024-08-16 21:44:43,0.4864,7.38,0.922,ON_TIME
FO-000470,CARR-0022,LANE-0014,2024-10-27 21:24:00,2024-10-27 22:49:06,0.594,2.97,0.8662,ON_TIME
FO-000466,CARR-0022,LANE-0027,2024-07-03 18:50:22,2024-07-04 19:49:34,0.5197,7.36,0.8662,ON_TIME
FO-000458,CARR-0022,LANE-0022,2024-10-08 13:14:51,2024-10-08 12:04:50,0.7908,8.77,0.8662,ON_TIME
FO-000463,CARR-0022,LANE-0027,2024-09-06 19:07:41,2024-09-08 08:50:24,0.5325,16.34,0.8662,DELAYED
FO-000467,CARR-0022,LANE-0001,2024-12-30 08:43:19,2024-12-31 10:46:26,0.9068,7.68,0.8662,ON_TIME
FO-000449,CARR-0022,LANE-0001,2024-03-28 04:09:11,2024-03-27 12:40:25,0.4205,6.05,0.8662,DELAYED
FO-000448,CARR-0022,LANE-0026,2024-05-10 05:58:44,2024-05-09 14:58:51,0.5996,12.95,0.8662,DELAYED
FO-000465,CARR-0022,LANE-0000,2024-06-16 16:40:44,2024-06-16 03:17:11,0.242,0.0,0.8662,ON_TIME
FO-000456,CARR-0022,LANE-0014,2024-05-23 09:39:00,2024-05-23 03:47:19,0.509,8.69,0.8662,DELAYED
FO-000453,CARR-0022,LANE-0036,2024-04-09 04:46:22,2024-04-10 11:46:00,0.1577,11.35,0.8662,DELAYED
FO-000469,CARR-0022,LANE-0013,2024-07-26 12:23:04,2024-07-26 11:51:29,0.0016,2.53,0.8662,ON_TIME
FO-000462,CARR-0022,LANE-0044,2024-06-10 16:50:11,2024-06-11 15:31:13,0.4708,14.9,0.8662,DELAYED
FO-000468,CARR-0022,LANE-0048,2024-03-20 23:25:18,,0.3518,2.96,0.8662,DELAYED
FO-000455,CARR-0022,LANE-0013,2024-08-22 08:36:24,2024-08-21 14:52:50,0.6352,2.5,0.8662,ON_TIME
FO-000452,CARR-0022,LANE-0015,2024-02-21 05:34:31,2024-02-20 08:29:25,0.2693,7.03,0.8662,DELAYED
FO-000451,CARR-0022,LANE-0003,2024-06-20 02:30:35,2024-06-20 06:34:09,0.3864,2.87,0.8662,ON_TIME
FO-000464,CARR-0022,LANE-0046,2024-07-10 05:10:35,2024-07-11 19:58:21,0.4927,15.54,0.8662,DELAYED
FO-000460,CARR-0022,LANE-0049,2024-01-01 08:06:45,2024-01-03 11:19:10,0.5393,12.67,0.8662,DELAYED
FO-000459,CARR-0022,LANE-0005,2024-07-27 19:34:17,2024-07-27 15:32:18,0.4922,0.0,0.8662,ON_TIME
FO-000457,CARR-0022,LANE-0013,2024-08-18 00:55:15,2024-08-19 11:37:21,0.4966,11.8,0.8662,ON_TIME
FO-000454,CARR-0022,LANE-0044,2024-09-15 07:52:12,2024-09-18 07:47:11,0.8287,19.14,0.8662,DELAYED
FO-000450,CARR-0022,LANE-0036,2024-07-01 23:32:11,2024-07-02 15:41:24,0.9985,13.09,0.8662,ON_TIME
FO-000461,CARR-0022,LANE-0031,2024-02-05 05:17:14,2024-02-06 13:52:51,0.3122,10.16,0.8662,ON_TIME
FO-000471,CARR-0013,LANE-0042,2024-08-31 18:04:31,2024-08-30 10:04:44,0.3832,1.78,0.9058,ON_TIME
FO-000481,CARR-0013,LANE-0049,2024-05-29 03:04:38,2024-05-28 22:24:04,0.5827,3.28,0.9058,ON_TIME
FO-000473,CARR-0013,LANE-0005,2024-09-06 03:05:53,2024-09-05 12:52:14,0.464,10.34,0.9058,ON_TIME
FO-000485,CARR-0013,LANE-0042,2024-07-26 16:19:03,2024-07-29 12:14:45,0.4659,7.79,0.9058,DELAYED
FO-000480,CARR-0013,LANE-0024,2024-12-30 08:43:19,2024-12-31 10:46:26,0.3856,7.99,0.9058,ON_TIME
FO-000479,CARR-0013,LANE-0036,2024-01-21 23:17:48,2024-01-20 16:27:08,0.4111,6.33,0.9058,ON_TIME
FO-000486,CARR-0013,LANE-0039,2024-04-01 15:46:16,2024-04-02 02:59:15,0.5078,12.17,0.9058,DELAYED
FO-000472,CARR-0013,LANE-0031,2024-04-06 06:44:12,2024-04-04 17:43:34,0.4741,0.0,0.9058,ON_TIME
FO-000483,CARR-0013,LANE-0015,2024-04-07 02:41:20,2024-04-06 20:36:10,0.5065,6.61,0.9058,ON_TIME
FO-000475,CARR-0013,LANE-0014,2024-02-07 07:27:35,2024-02-09 09:39:18,0.532,0.0,0.9058,DELAYED
FO-000484,CARR-0013,LANE-0014,2024-03-18 00:45:58,2024-03-19 10:38:03,0.1745,0.0,0.9058,ON_TIME
FO-000477,CARR-0013,LANE-0015,2024-05-09 23:56:37,2024-05-12 05:15:21,0.6024,6.47,0.9058,DELAYED
FO-000478,CARR-0013,LANE-0013,2024-01-01 08:06:45,2024-01-01 11:19:10,0.3432,4.0,0.9058,ON_TIME
FO-000476,CARR-0013,LANE-0042,2024-07-19 00:12:32,2024-07-17 02:18:16,0.5639,2.51,0.9058,ON_TIME
FO-000482,CARR-0013,LANE-0041,2024-01-01 08:06:45,2024-01-01 11:19:10,0.4498,3.08,0.9058,DELAYED
FO-000474,CARR-0013,LANE-0005,2024-04-12 03:31:37,2024-04-10 18:53:45,0.405,0.29,0.9058,ON_TIME
FO-000491,CARR-0001,LANE-0031,2024-10-03 18:55:58,2024-10-03 07:31:59,0.272,0.0,0.8845,ON_TIME
FO-000488,CARR-0001,LANE-0039,2024-06-02 06:07:15,2024-05-31 15:38:34,0.3264,1.88,0.8845,ON_TIME
FO-000497,CARR-0001,LANE-0042,2024-08-24 09:26:43,2024-08-24 16:17:57,0.3226,5.48,0.8845,DELAYED
FO-000494,CARR-0001,LANE-0041,2024-07-06 02:48:48,2024-07-06 05:01:17,0.4434,11.06,0.8845,ON_TIME
FO-000490,CARR-0001,LANE-0035,2024-12-30 08:43:19,2024-12-31 10:46:26,0.0339,6.13,0.8845,DELAYED
FO-000489,CARR-0001,LANE-0005,2024-03-16 04:43:47,,0.7707,0.9,0.8845,ON_TIME
FO-000493,CARR-0001,LANE-0005,2024-03-27 11:53:04,2024-03-28 20:40:53,0.6549,7.56,0.8845,ON_TIME
FO-000492,CARR-0001,LANE-0047,2024-06-16 02:52:49,,0.3634,0.0,0.8845,ON_TIME
FO-000495,CARR-0001,LANE-0045,2024-04-23 04:25:03,2024-04-23 09:33:56,0.5506,3.33,0.8845,ON_TIME
FO-000500,CARR-0001,LANE-0035,2024-03-09 06:03:57,2024-03-08 14:19:19,0.5884,3.84,0.8845,ON_TIME
FO-000499,CARR-0001,LANE-0041,2024-07-26 02:48:15,2024-07-27 10:50:49,0.6312,0.0,0.8845,ON_TIME
FO-000487,CARR-0001,LANE-0042,2024-04-17 12:13:30,2024-04-18 02:53:27,0.4443,8.3,0.8845,ON_TIME
FO-000498,CARR-0001,LANE-0024,2024-03-21 10:05:19,2024-03-21 16:32:37,0.8298,0.0,0.8845,ON_TIME
FO-000496,CARR-0001,LANE-0039,2024-07-29 19:03:04,2024-07-30 10:47:19,0.1914,0.0,0.8845,ON_TIME
FO-000507,CARR-0000,LANE-0043,2024-09-26 16:00:11,2024-09-29 00:24:16,0.6249,66.77,0.7042,DELAYED
FO-000518,CARR-0000,LANE-0048,2024-06-18 14:14:51,2024-06-20 05:16:24,0.5718,44.16,0.7042,DELAYED
FO-000512,CARR-0000,LANE-0023,2024-09-10 17:31:58,2024-09-11 18:55:27,0.4058,25.96,0.7042,DELAYED
FO-000510,CARR-0000,LANE-0036,2024-07-10 08:27:10,2024-07-08 22:13:06,0.7341,0.0,0.7042,DELAYED
FO-000511,CARR-0000,LANE-0048,2024-12-30 08:43:19,2024-12-31 10:46:26,0.5516,12.27,0.7042,DELAYED
FO-000505,CARR-0000,LANE-0014,2024-04-03 06:28:44,2024-04-05 14:06:47,0.4586,70.34,0.7042,ON_TIME
FO-000515,CARR-0000,LANE-0045,2024-04-28 10:55:51,2024-04-28 19:10:50,0.3958,8.5,0.7042,ON_TIME
FO-000516,CARR-0000,LANE-0023,2024-06-07 11:46:01,2024-06-11 02:28:16,0.7964,107.13,0.7042,DELAYED
FO-000508,CARR-0000,LANE-0034,2024-05-13 20:52:21,2024-05-15 06:38:00,0.4991,40.11,0.7042,ON_TIME
FO-000501,CARR-0000,LANE-0048,2024-03-10 23:29:31,2024-03-11 07:08:11,0.8835,11.9,0.7042,ON_TIME
FO-000520,CARR-0000,LANE-0039,2024-05-25 17:22:22,2024-05-27 10:15:32,0.9985,61.08,0.7042,ON_TIME
FO-000503,CARR-0000,LANE-0046,2024-05-07 23:43:32,2024-05-07 10:07:53,0.656,0.0,0.7042,DELAYED
FO-000502,CARR-0000,LANE-0047,2024-04-01 00:45:00,2024-04-04 04:16:40,0.4899,96.64,0.7042,ON_TIME
FO-000504,CARR-0000,LANE-0000,2024-08-14 20:51:43,2024-08-17 20:30:44,0.4765,82.26,0.7042,DELAYED
FO-000506,CARR-0000,LANE-0026,2024-02-23 20:47:34,2024-02-25 20:52:05,0.5947,62.38,0.7042,ON_TIME
FO-000519,CARR-0000,LANE-0014,2024-06-10 03:31:21,2024-06-12 21:51:23,0.6371,82.41,0.7042,ON_TIME
FO-000514,CARR-0000,LANE-0000,2024-05-29 06:17:48,2024-05-28 08:57:53,0.688,0.0,0.7042,DELAYED
FO-000517,CARR-0000,LANE-0013,2024-01-01 08:06:45,2024-01-01 11:19:10,0.233,34.4,0.7042,DELAYED
FO-000509,CARR-0000,LANE-0013,2024-07-27 17:29:54,2024-07-31 16:13:03,0.5954,110.3,0.7042,DELAYED
FO-000513,CARR-0000,LANE-0022,2024-07-09 16:18:01,2024-07-09 19:37:52,0.783,0.0,0.7042,DELAYED
FO-000524,CARR-0023,LANE-0023,2024-11-08 13:54:13,2024-11-08 07:57:14,0.5178,4.01,0.828,ON_TIME
FO-000523,CARR-0023,LANE-0035,2024-07-13 11:09:00,2024-07-12 12:11:32,0.6734,8.61,0.828,ON_TIME
FO-000526,CARR-0023,LANE-0001,2024-08-12 02:58:41,2024-08-12 07:23:24,0.4572,0.0,0.828,ON_TIME
FO-000534,CARR-0023,LANE-0039,2024-05-27 10:15:36,2024-05-27 05:17:15,0.2933,6.36,0.828,ON_TIME
FO-000529,CARR-0023,LANE-0035,2024-12-30 08:43:19,2024-12-31 10:46:26,0.3283,0.0,0.828,ON_TIME
FO-000531,CARR-0023,LANE-0013,2024-03-19 09:44:24,2024-03-19 15:41:05,0.5654,9.78,0.828,DELAYED
FO-000525,CARR-0023,LANE-0001,2024-02-21 03:07:14,2024-02-22 15:59:04,0.4697,5.9,0.828,ON_TIME
FO-000522,CARR-0023,LANE-0024,2024-09-24 15:01:40,2024-09-25 16:41:19,0.7764,14.72,0.828,DELAYED
FO-000528,CARR-0023,LANE-0013,2024-04-30 13:39:37,2024-05-01 06:39:55,0.5751,8.22,0.828,DELAYED
FO-000521,CARR-0023,LANE-0013,2024-04-07 02:41:34,2024-04-07 03:49:04,0.57,17.51,0.828,DELAYED
FO-000533,CARR-0023,LANE-0000,2024-09-29 06:30:12,2024-10-01 01:53:01,0.3791,21.89,0.828,DELAYED
FO-000532,CARR-0023,LANE-0024,2024-04-12 08:53:06,2024-04-13 02:00:10,0.5161,9.96,0.828,ON_TIME
FO-000530,CARR-0023,LANE-0014,2024-04-05 18:58:02,2024-04-07 01:11:31,0.5763,10.88,0.828,DELAYED
FO-000527,CARR-0023,LANE-0003,2024-10-03 16:44:21,2024-10-04 18:38:07,0.7505,5.37,0.828,ON_TIME
FO-000547,CARR-0021,LANE-0005,2024-08-20 18:50:56,2024-08-20 17:40:33,0.2684,0.0,0.8104,DELAYED
FO-000543,CARR-0021,LANE-0048,2024-05-16 03:34:31,2024-05-15 10:13:11,0.5752,7.94,0.8104,DELAYED
FO-000551,CARR-0021,LANE-0036,2024-07-15 00:35:44,2024-07-15 03:29:44,0.3724,0.0,0.8104,ON_TIME
FO-000554,CARR-0021,LANE-0026,2024-06-14 08:51:14,2024-06-14 01:02:01,0.5489,15.25,0.8104,ON_TIME
FO-000537,CARR-0021,LANE-0049,2024-12-29 06:28:48,2024-12-29 10:42:46,0.238,0.0,0.8104,ON_TIME
FO-000542,CARR-0021,LANE-0023,2024-01-01 08:06:45,2024-01-01 11:19:10,0.384,21.65,0.8104,DELAYED
FO-000538,CARR-0021,LANE-0024,2024-02-03 22:40:22,2024-02-05 00:45:03,0.5291,7.13,0.8104,ON_TIME
FO-000546,CARR-0021,LANE-0022,2024-05-14 08:14:46,2024-05-15 11:24:00,0.4359,31.85,0.8104,DELAYED
FO-000545,CARR-0021,LANE-0048,2024-03-08 17:18:22,2024-03-09 06:30:30,0.5037,12.3,0.8104,ON_TIME
FO-000549,CARR-0021,LANE-0026,2024-02-17 06:58:21,2024-02-17 07:31:25,0.6754,55.97,0.8104,ON_TIME
FO-000548,CARR-0021,LANE-0035,2024-05-28 02:29:48,2024-05-29 19:38:16,0.2599,84.67,0.8104,DELAYED
FO-000540,CARR-0021,LANE-0001,2024-04-09 03:40:12,2024-04-09 14:25:30,0.7066,22.25,0.8104,ON_TIME
FO-000536,CARR-0021,LANE-0024,2024-01-01 08:06:45,2024-01-01 11:19:10,0.2872,26.7,0.8104,DELAYED
FO-000557,CARR-0021,LANE-0003,2024-07-08 16:18:52,2024-07-09 16:56:38,0.4585,0.0,0.8104,DELAYED
FO-000552,CARR-0021,LANE-0043,2024-01-01 08:06:45,2024-01-01 11:19:10,0.4877,40.57,0.8104,DELAYED
FO-000556,CARR-0021,LANE-0046,2024-04-13 21:47:12,2024-04-15 12:03:59,0.352,19.65,0.8104,DELAYED
FO-000539,CARR-0021,LANE-0005,2024-05-07 05:01:48,2024-05-06 21:22:13,0.6873,19.75,0.8104,ON_TIME
FO-000558,CARR-0021,LANE-0041,2024-01-01 08:06:45,2024-01-01 11:19:10,0.9985,15.3,0.8104,DELAYED
FO-000550,CARR-0021,LANE-0022,2024-07-17 13:25:38,2024-07-18 03:37:03,0.5572,0.89,0.8104,DELAYED
FO-000544,CARR-0021,LANE-0000,2024-08-26 13:34:57,2024-08-27 15:01:54,0.9608,12.29,0.8104,ON_TIME
FO-000541,CARR-0021,LANE-0031,2024-07-10 15:39:54,2024-07-08 10:27:55,0.7514,0.0,0.8104,ON_TIME
FO-000535,CARR-0021,LANE-0046,2024-06-07 11:35:05,2024-06-07 01:12:13,0.9727,0.0,0.8104,ON_TIME
FO-000553,CARR-0021,LANE-0023,2024-02-18 16:37:33,2024-02-19 01:24:12,0.9985,36.29,0.8104,DELAYED
FO-000555,CARR-0021,LANE-0003,2024-07-17 01:35:22,2024-07-17 20:00:36,0.0016,15.3,0.8104,ON_TIME
FO-000569,CARR-0024,LANE-0023,2024-11-02 12:46:06,2024-11-04 01:13:09,0.75,33.41,0.5353,DELAYED
FO-000559,CARR-0024,LANE-0043,2024-07-16 14:35:34,2024-07-17 13:14:11,0.7957,24.33,0.5353,DELAYED
FO-000575,CARR-0024,LANE-0022,2024-10-19 03:44:24,2024-10-19 17:26:19,0.6745,13.52,0.5353,ON_TIME
FO-000572,CARR-0024,LANE-0023,2024-08-11 14:43:04,2024-08-11 02:20:20,0.4897,21.89,0.5353,ON_TIME
FO-000566,CARR-0024,LANE-0005,2024-12-30 08:43:19,2024-12-31 10:46:26,0.7726,29.5,0.5353,ON_TIME
FO-000576,CARR-0024,LANE-0046,2024-04-10 00:11:04,2024-04-11 04:02:05,0.4781,9.64,0.5353,DELAYED
FO-000578,CARR-0024,LANE-0036,2024-05-16 00:12:07,2024-05-16 01:00:52,0.4763,1.23,0.5353,ON_TIME
FO-000568,CARR-0024,LANE-0000,2024-06-27 03:54:14,2024-06-29 09:57:56,0.8487,44.86,0.5353,DELAYED
FO-000573,CARR-0024,LANE-0022,2024-06-01 19:42:42,2024-06-04 13:13:00,0.6062,13.93,0.5353,DELAYED
FO-000565,CARR-0024,LANE-0022,2024-03-22 12:58:01,2024-03-22 23:49:22,0.5708,32.45,0.5353,DELAYED
FO-000561,CARR-0024,LANE-0023,2024-06-05 04:21:43,2024-06-07 00:11:31,0.4545,69.68,0.5353,DELAYED
FO-000571,CARR-0024,LANE-0024,2024-06-01 23:27:52,2024-06-01 18:27:01,0.6188,18.7,0.5353,ON_TIME
FO-000563,CARR-0024,LANE-0024,2024-04-03 15:29:54,2024-04-05 07:06:51,0.4567,13.45,0.5353,DELAYED
FO-000562,CARR-0024,LANE-0024,2024-09-18 20:44:33,2024-09-20 12:16:04,0.9311,26.9,0.5353,DELAYED
FO-000567,CARR-0024,LANE-0001,2024-02-26 02:35:23,2024-02-27 04:29:53,0.4853,15.99,0.5353,DELAYED
FO-000574,CARR-0024,LANE-0003,2024-06-28 08:56:51,2024-06-30 00:28:08,0.6535,28.71,0.5353,DELAYED
FO-000560,CARR-0024,LANE-0001,2024-06-26 19:33:32,2024-06-26 11:40:03,0.6105,20.7,0.5353,ON_TIME
FO-000577,CARR-0024,LANE-0003,2024-01-06 10:00:07,2024-01-06 16:45:03,0.9742,0.0,0.5353,ON_TIME
FO-000579,CARR-0024,LANE-0023,2024-08-30 16:58:40,2024-09-01 23:08:06,0.9985,39.89,0.5353,DELAYED
FO-000564,CARR-0024,LANE-0001,2024-08-23 17:27:22,2024-08-24 01:10:01,0.9985,41.12,0.5353,ON_TIME
FO-000570,CARR-0024,LANE-0001,2024-09-14 06:05:28,2024-09-13 06:09:15,0.7084,7.45,0.5353,ON_TIME
FO-000589,CARR-0012,LANE-0001,2024-10-22 20:42:55,2024-10-22 17:14:52,0.5117,17.09,0.722,ON_TIME
FO-000592,CARR-0012,LANE-0026,2024-07-04 14:36:52,2024-07-03 23:07:07,0.5214,3.88,0.722,ON_TIME
FO-000580,CARR-0012,LANE-0001,2024-08-18 21:27:51,2024-08-19 10:47:17,0.6647,20.54,0.722,DELAYED
FO-000583,CARR-0012,LANE-0043,2024-06-21 13:24:43,2024-06-22 20:26:41,0.4887,7.0,0.722,DELAYED
FO-000599,CARR-0012,LANE-0036,2024-12-30 08:43:19,2024-12-31 10:46:26,0.8441,28.11,0.722,DELAYED
FO-000597,CARR-0012,LANE-0003,2024-03-08 20:24:37,2024-03-08 09:30:44,0.1937,9.48,0.722,ON_TIME
FO-000586,CARR-0012,LANE-0026,2024-03-07 17:15:43,2024-03-08 18:36:24,0.4246,10.29,0.722,ON_TIME
FO-000591,CARR-0012,LANE-0024,2024-08-15 09:01:18,2024-08-14 19:10:46,0.2575,0.0,0.722,ON_TIME
FO-000582,CARR-0012,LANE-0036,2024-04-28 17:11:02,2024-04-30 22:13:46,0.3942,7.31,0.722,ON_TIME
FO-000590,CARR-0012,LANE-0003,2024-04-03 13:32:35,2024-04-03 16:47:28,0.1801,0.0,0.722,ON_TIME
FO-000584,CARR-0012,LANE-0046,2024-08-26 05:09:48,2024-08-27 01:33:33,0.0016,0.0,0.722,ON_TIME
FO-000595,CARR-0012,LANE-0001,2024-04-27 20:52:05,2024-04-28 20:47:02,0.4819,0.0,0.722,DELAYED
FO-000594,CARR-0012,LANE-0024,2024-03-15 21:25:49,2024-03-15 14:00:17,0.0869,10.72,0.722,ON_TIME
FO-000588,CARR-0012,LANE-0026,2024-09-12 08:36:06,2024-09-12 05:45:31,0.625,10.84,0.722,ON_TIME
FO-000593,CARR-0012,LANE-0003,2024-02-14 04:31:17,2024-02-14 06:22:52,0.1074,0.85,0.722,ON_TIME
FO-000598,CARR-0012,LANE-0046,2024-07-01 03:04:06,2024-06-30 05:30:30,0.2709,8.16,0.722,ON_TIME
FO-000587,CARR-0012,LANE-0026,2024-05-20 07:08:46,2024-05-21 02:02:51,0.5106,0.21,0.722,DELAYED
FO-000596,CARR-0012,LANE-0026,2024-01-01 08:06:45,2024-01-01 11:19:10,0.6493,0.0,0.722,ON_TIME
FO-000581,CARR-0012,LANE-0036,2024-10-07 05:41:17,2024-10-06 04:38:08,0.6,1.5,0.722,ON_TIME
FO-000585,CARR-0012,LANE-0036,2024-09-11 22:29:01,2024-09-12 18:53:56,0.8158,0.0,0.722,ON_TIME
